city,birthday,id,Name,email
Salt Lake City,28-12-1995,1,Woodrow Grant,Woodrow_Grant1@gmail.com
Jackson,01-05-1990,2,Woodrow Jefferson,Woodrow_Jefferson2@yahoo.com
Providence,18-10-1987,3,Dwight Coolidge,Dwight_Coolidge3@gmail.com
Charleston,15-09-1994,4,Warren Garfield,Warren_Garfield4@hotmail.com
Boston,31-12-1990,5,Ulysses Washington,Ulysses_Washington5@hotmail.com
Topeka,04-01-1975,6,Millard Pierce,Millard_Pierce6@gmail.com
Saint Paul,14-09-1986,7,Jimmy Nixon,Jimmy_Nixon7@hotmail.com
Frankfort,13-02-1986,8,Martin Wilson,Martin_Wilson8@gmail.com
Madison,09-06-1970,9,Harry Adams,Harry_Adams9@yahoo.com
Olympia,06-12-1985,10,Gerald Fillmore,Gerald_Fillmore10@gmail.com
Augusta,19-05-1991,11,William Quincy,William_Quincy11@mac.com
Richmond,14-10-1973,12,Ulysses Carter,Ulysses_Carter12@yahoo.com
Oklahoma City,16-05-1979,13,Benjamin Arthur,Benjamin_Arthur13@gmail.com
Helena,29-08-1986,14,Andrew Garfield,Andrew_Garfield14@hotmail.com
Saint Paul,07-03-1982,15,Richard Johnson,Richard_Johnson15@yahoo.com
Denver,18-10-1980,16,Richard Van Buren,Richard_Van_Buren16@hotmail.com
Frankfort,21-01-1986,17,Gerald Harrison,Gerald_Harrison17@yahoo.com
Madison,07-01-1971,18,Rutherford Arthur,Rutherford_Arthur18@hotmail.com
Honolulu,25-12-1980,19,Andrew Harrison,Andrew_Harrison19@yahoo.com
Austin,01-06-1974,20,Andrew Reagan,Andrew_Reagan20@gmail.com
Juneau,25-08-1976,21,Andrew Taft,Andrew_Taft21@yahoo.com
Richmond,24-09-1987,22,William Van Buren,William_Van_Buren22@gmail.com
Jackson,06-08-1993,23,Woodrow Carter,Woodrow_Carter23@gmail.com
Salt Lake City,13-01-1974,24,Millard Fillmore,Millard_Fillmore24@yahoo.com
Honolulu,21-07-1982,25,Calvin Buchanan,Calvin_Buchanan25@hotmail.com
Des Moines,10-01-1971,26,Martin Nixon,Martin_Nixon26@yahoo.com
Boise,05-05-1995,27,Ronald McKinley,Ronald_McKinley27@gmail.com
Columbia,14-08-1971,28,William Carter,William_Carter28@hotmail.com
Baton Rouge,26-06-1975,29,Thomas Eisenhower,Thomas_Eisenhower29@gmail.com
Montgomery,31-01-1988,30,Herbert Taft,Herbert_Taft30@mac.com
Saint Paul,18-10-1972,31,Theodore Truman,Theodore_Truman31@yahoo.com
Harrisburg,20-06-1989,32,Chester Johnson,Chester_Johnson32@yahoo.com
Columbus,24-02-1981,33,Theodore Adams,Theodore_Adams33@yahoo.com
Providence,17-06-1980,34,Woodrow Fillmore,Woodrow_Fillmore34@yahoo.com
Charleston,11-09-1982,35,Martin Hayes,Martin_Hayes35@gmail.com
Salem,06-07-1976,36,Andrew Adams,Andrew_Adams36@yahoo.com
Montgomery,20-08-1982,37,Andrew Johnson,Andrew_Johnson37@mac.com
Helena,21-05-1974,38,Millard Nixon,Millard_Nixon38@mac.com
Providence,02-01-1981,39,Lyndon Adams,Lyndon_Adams39@yahoo.com
Cheyenne,20-11-1971,40,Woodrow Garfield,Woodrow_Garfield40@yahoo.com
Trenton,27-05-1990,41,Thomas Reagan,Thomas_Reagan41@mac.com
Tallahassee,23-12-1992,42,Rutherford Quincy,Rutherford_Quincy42@gmail.com
Richmond,03-03-1981,43,William Polk,William_Polk43@yahoo.com
Raleigh,13-01-1977,44,Benjamin Buchanan,Benjamin_Buchanan44@yahoo.com
Concord,03-01-1980,45,Andrew Quincy,Andrew_Quincy45@gmail.com
Madison,01-06-1995,46,Franklin Grant,Franklin_Grant46@mac.com
Columbia,28-06-1982,47,Ulysses Clinton,Ulysses_Clinton47@hotmail.com
Phoenix,02-03-1991,48,Andrew Harrison,Andrew_Harrison48@hotmail.com
Cheyenne,11-06-1970,49,Theodore Grant,Theodore_Grant49@hotmail.com
Annapolis,18-12-1985,50,Theodore Adams,Theodore_Adams50@gmail.com
Annapolis,11-09-1993,51,Richard Harding,Richard_Harding51@yahoo.com
Columbia,20-02-1989,52,Franklin Wilson,Franklin_Wilson52@yahoo.com
Atlanta,01-03-1970,53,Gerald Roosevelt,Gerald_Roosevelt53@gmail.com
Albany,10-12-1993,54,Herbert Harrison,Herbert_Harrison54@yahoo.com
Salem,10-09-1982,55,Theodore Cleveland,Theodore_Cleveland55@yahoo.com
Columbus,08-10-1984,56,Calvin Adams,Calvin_Adams56@mac.com
Harrisburg,07-10-1985,57,Herbert Quincy,Herbert_Quincy57@gmail.com
Phoenix,17-08-1989,58,James Jefferson,James_Jefferson58@yahoo.com
Albany,31-05-1973,59,Franklin Washington,Franklin_Washington59@gmail.com
Santa Fe,11-07-1984,60,Theodore Van Buren,Theodore_Van_Buren60@yahoo.com
Indianapolis,09-05-1976,61,Woodrow Adams,Woodrow_Adams61@yahoo.com
Concord,11-01-1983,62,William Ford,William_Ford62@mac.com
Indianapolis,26-11-1990,63,Rutherford Roosevelt,Rutherford_Roosevelt63@yahoo.com
Dover,07-09-1974,64,Jimmy Eisenhower,Jimmy_Eisenhower64@yahoo.com
Juneau,10-07-1974,65,Richard Adams,Richard_Adams65@hotmail.com
Topeka,07-08-1980,66,Herbert Cleveland,Herbert_Cleveland66@yahoo.com
Atlanta,17-07-1971,67,Franklin Washington,Franklin_Washington67@gmail.com
Jefferson City,01-11-1980,68,Thomas Reagan,Thomas_Reagan68@mac.com
Saint Paul,20-01-1971,69,Martin Ford,Martin_Ford69@gmail.com
Denver,15-11-1994,70,Martin Fillmore,Martin_Fillmore70@mac.com
Atlanta,24-05-1989,71,Franklin Jefferson,Franklin_Jefferson71@yahoo.com
Atlanta,19-11-1978,72,Martin Clinton,Martin_Clinton72@hotmail.com
Indianapolis,02-04-1992,73,Herbert Johnson,Herbert_Johnson73@mac.com
Tallahassee,31-12-1989,74,Millard Hoover,Millard_Hoover74@hotmail.com
Dover,23-10-1979,75,James Jefferson,James_Jefferson75@hotmail.com
Montpelier,17-05-1982,76,Grover Polk,Grover_Polk76@gmail.com
Santa Fe,17-12-1992,77,John Nixon,John_Nixon77@gmail.com
Lincoln,06-03-1984,78,Ronald Monroe,Ronald_Monroe78@yahoo.com
Madison,29-01-1987,79,Calvin Clinton,Calvin_Clinton79@mac.com
Salem,23-04-1981,80,Martin Johnson,Martin_Johnson80@mac.com
Bismarck,18-03-1994,81,Warren Hayes,Warren_Hayes81@mac.com
Sacramento,17-01-1984,82,Jimmy Buchanan,Jimmy_Buchanan82@hotmail.com
Pierre,08-05-1987,83,Bill Pierce,Bill_Pierce83@mac.com
Austin,30-04-1979,84,Rutherford Clinton,Rutherford_Clinton84@mac.com
Denver,25-07-1984,85,William Lincoln,William_Lincoln85@gmail.com
Pierre,12-12-1971,86,Gerald Monroe,Gerald_Monroe86@hotmail.com
Pierre,26-08-1975,87,Abraham Taft,Abraham_Taft87@gmail.com
Santa Fe,26-04-1986,88,Ronald Cleveland,Ronald_Cleveland88@gmail.com
Montgomery,09-02-1988,89,Abraham Roosevelt,Abraham_Roosevelt89@gmail.com
Dover,13-02-1985,90,Lyndon Reagan,Lyndon_Reagan90@yahoo.com
Austin,02-02-1992,91,Jimmy Coolidge,Jimmy_Coolidge91@yahoo.com
Carson City,18-06-1979,92,Chester Jefferson,Chester_Jefferson92@gmail.com
Juneau,14-02-1974,93,Ronald Jackson,Ronald_Jackson93@hotmail.com
Harrisburg,03-11-1987,94,Thomas Truman,Thomas_Truman94@gmail.com
Topeka,30-03-1970,95,Theodore Madison,Theodore_Madison95@hotmail.com
Cheyenne,26-08-1975,96,Rutherford Hoover,Rutherford_Hoover96@hotmail.com
Little Rock,23-05-1985,97,Dwight Jackson,Dwight_Jackson97@yahoo.com
Albany,21-05-1991,98,Calvin Harrison,Calvin_Harrison98@mac.com
Topeka,27-08-1992,99,Theodore Coolidge,Theodore_Coolidge99@gmail.com
Jackson,08-05-1994,100,James Johnson,James_Johnson100@yahoo.com
Juneau,20-03-1978,101,Benjamin Polk,Benjamin_Polk101@yahoo.com
Boise,09-01-1993,102,Woodrow Nixon,Woodrow_Nixon102@hotmail.com
Jackson,31-07-1978,103,Thomas Garfield,Thomas_Garfield103@mac.com
Madison,20-11-1975,104,George Grant,George_Grant104@gmail.com
Phoenix,13-01-1985,105,Grover Carter,Grover_Carter105@gmail.com
Charleston,03-11-1980,106,Gerald Harding,Gerald_Harding106@gmail.com
Lincoln,14-10-1986,107,William Garfield,William_Garfield107@gmail.com
Jackson,01-02-1980,108,Bill Tyler,Bill_Tyler108@yahoo.com
Frankfort,08-10-1988,109,Ulysses Grant,Ulysses_Grant109@gmail.com
Denver,02-07-1991,110,Thomas Taft,Thomas_Taft110@yahoo.com
Tallahassee,17-08-1976,111,Thomas Adams,Thomas_Adams111@hotmail.com
Austin,03-06-1976,112,Richard Johnson,Richard_Johnson112@mac.com
Springfield,17-10-1989,113,Abraham Cleveland,Abraham_Cleveland113@gmail.com
Cheyenne,08-12-1973,114,Harry Taft,Harry_Taft114@yahoo.com
Olympia,16-03-1976,115,Benjamin Johnson,Benjamin_Johnson115@mac.com
Providence,24-06-1992,116,Rutherford Jackson,Rutherford_Jackson116@hotmail.com
Dover,29-07-1992,117,Rutherford Monroe,Rutherford_Monroe117@hotmail.com
Richmond,06-12-1991,118,Gerald Van Buren,Gerald_Van_Buren118@gmail.com
Richmond,25-09-1994,119,James Adams,James_Adams119@hotmail.com
Jefferson City,02-12-1983,120,Millard Roosevelt,Millard_Roosevelt120@hotmail.com
Bismarck,31-12-1976,121,William Ford,William_Ford121@mac.com
Oklahoma City,21-08-1972,122,Andrew Monroe,Andrew_Monroe122@yahoo.com
Charleston,20-01-1978,123,Bill Madison,Bill_Madison123@gmail.com
Salem,14-10-1984,124,Millard Hayes,Millard_Hayes124@mac.com
Santa Fe,28-04-1971,125,William Hayes,William_Hayes125@gmail.com
Annapolis,28-12-1975,126,Thomas Clinton,Thomas_Clinton126@mac.com
Springfield,19-04-1976,127,Woodrow Arthur,Woodrow_Arthur127@mac.com
Salem,14-04-1979,128,Warren Clinton,Warren_Clinton128@gmail.com
Annapolis,28-10-1979,129,Richard Ford,Richard_Ford129@yahoo.com
Salt Lake City,14-01-1984,130,James Roosevelt,James_Roosevelt130@yahoo.com
Nashville,05-10-1990,131,George Carter,George_Carter131@gmail.com
Pierre,02-12-1975,132,Harry Cleveland,Harry_Cleveland132@hotmail.com
Charleston,06-02-1986,133,William Kennedy,William_Kennedy133@gmail.com
Denver,14-03-1977,134,Woodrow Harrison,Woodrow_Harrison134@hotmail.com
Augusta,22-11-1980,135,Abraham Grant,Abraham_Grant135@hotmail.com
Atlanta,06-02-1985,136,Benjamin Johnson,Benjamin_Johnson136@gmail.com
Frankfort,18-01-1993,137,Theodore Truman,Theodore_Truman137@hotmail.com
Tallahassee,04-06-1972,138,Benjamin Tyler,Benjamin_Tyler138@hotmail.com
Boston,21-06-1992,139,James Monroe,James_Monroe139@yahoo.com
Albany,21-02-1991,140,Franklin Grant,Franklin_Grant140@gmail.com
Juneau,20-06-1982,141,Rutherford Clinton,Rutherford_Clinton141@mac.com
Pierre,08-04-1984,142,Ulysses Grant,Ulysses_Grant142@yahoo.com
Indianapolis,11-12-1977,143,William Johnson,William_Johnson143@yahoo.com
Frankfort,21-08-1983,144,Abraham Harrison,Abraham_Harrison144@gmail.com
Carson City,14-05-1989,145,Theodore Wilson,Theodore_Wilson145@yahoo.com
Augusta,19-11-1973,146,Andrew Quincy,Andrew_Quincy146@mac.com
Jackson,05-12-1971,147,Gerald Harrison,Gerald_Harrison147@mac.com
Frankfort,26-04-1983,148,Chester Van Buren,Chester_Van_Buren148@gmail.com
Raleigh,05-12-1991,149,Bill Harrison,Bill_Harrison149@gmail.com
Trenton,05-12-1980,150,Herbert Van Buren,Herbert_Van_Buren150@yahoo.com
Jefferson City,11-11-1984,151,Benjamin Polk,Benjamin_Polk151@gmail.com
Cheyenne,08-04-1971,152,Benjamin Wilson,Benjamin_Wilson152@yahoo.com
Concord,14-02-1994,153,Thomas Taylor,Thomas_Taylor153@hotmail.com
Salt Lake City,19-05-1983,154,James Cleveland,James_Cleveland154@yahoo.com
Nashville,13-11-1991,155,Warren Buchanan,Warren_Buchanan155@mac.com
Austin,01-08-1994,156,Richard Johnson,Richard_Johnson156@gmail.com
Nashville,31-12-1975,157,George Washington,George_Washington157@mac.com
Pierre,07-04-1992,158,Bill Taylor,Bill_Taylor158@gmail.com
Lincoln,15-09-1977,159,Martin Arthur,Martin_Arthur159@gmail.com
Des Moines,12-06-1993,160,William Jefferson,William_Jefferson160@gmail.com
Springfield,13-08-1984,161,Harry Washington,Harry_Washington161@mac.com
Lincoln,03-05-1978,162,James Adams,James_Adams162@gmail.com
Montgomery,14-12-1972,163,George Harrison,George_Harrison163@yahoo.com
Hartford,05-08-1986,164,Gerald Grant,Gerald_Grant164@hotmail.com
Tallahassee,11-09-1988,165,Millard Truman,Millard_Truman165@mac.com
Augusta,30-07-1981,166,Millard Fillmore,Millard_Fillmore166@yahoo.com
Oklahoma City,25-04-1990,167,Chester Adams,Chester_Adams167@hotmail.com
Jefferson City,16-03-1978,168,Jimmy Harding,Jimmy_Harding168@mac.com
Santa Fe,12-11-1977,169,Bill Roosevelt,Bill_Roosevelt169@yahoo.com
Charleston,27-09-1974,170,Abraham Taft,Abraham_Taft170@gmail.com
Topeka,15-02-1978,171,Ulysses Hoover,Ulysses_Hoover171@mac.com
Lansing,19-03-1989,172,Calvin Nixon,Calvin_Nixon172@hotmail.com
Lansing,09-08-1981,173,Abraham Monroe,Abraham_Monroe173@gmail.com
Boston,07-09-1987,174,Dwight Johnson,Dwight_Johnson174@yahoo.com
Cheyenne,23-12-1985,175,Grover Hayes,Grover_Hayes175@yahoo.com
Sacramento,19-01-1992,176,Bill Reagan,Bill_Reagan176@mac.com
Pierre,15-11-1994,177,George Hoover,George_Hoover177@hotmail.com
Richmond,18-09-1985,178,Dwight Reagan,Dwight_Reagan178@yahoo.com
Tallahassee,20-07-1983,179,James Roosevelt,James_Roosevelt179@yahoo.com
Providence,28-09-1995,180,Ronald Clinton,Ronald_Clinton180@gmail.com
Boise,13-05-1979,181,Warren Tyler,Warren_Tyler181@mac.com
Saint Paul,14-10-1982,182,Zachary Adams,Zachary_Adams182@hotmail.com
Des Moines,28-07-1995,183,Warren Coolidge,Warren_Coolidge183@mac.com
Boston,28-06-1982,184,Abraham Adams,Abraham_Adams184@gmail.com
Austin,06-06-1979,185,Benjamin Jefferson,Benjamin_Jefferson185@hotmail.com
Pierre,16-08-1986,186,Theodore Jefferson,Theodore_Jefferson186@mac.com
Little Rock,26-12-1993,187,Warren Polk,Warren_Polk187@gmail.com
Lincoln,14-08-1994,188,Rutherford Harding,Rutherford_Harding188@mac.com
Pierre,16-09-1975,189,Calvin Pierce,Calvin_Pierce189@hotmail.com
Phoenix,18-10-1970,190,John Roosevelt,John_Roosevelt190@hotmail.com
Boston,24-03-1976,191,Harry Eisenhower,Harry_Eisenhower191@hotmail.com
Jefferson City,16-12-1994,192,Woodrow Ford,Woodrow_Ford192@hotmail.com
Charleston,10-05-1983,193,Harry Garfield,Harry_Garfield193@mac.com
Honolulu,22-08-1990,194,William Johnson,William_Johnson194@yahoo.com
Atlanta,15-09-1982,195,Theodore Lincoln,Theodore_Lincoln195@gmail.com
Honolulu,22-08-1981,196,Bill Johnson,Bill_Johnson196@yahoo.com
Des Moines,30-12-1991,197,Richard Clinton,Richard_Clinton197@hotmail.com
Providence,04-03-1988,198,Thomas Clinton,Thomas_Clinton198@mac.com
Indianapolis,13-06-1988,199,Franklin Buchanan,Franklin_Buchanan199@gmail.com
Trenton,17-04-1980,200,George Coolidge,George_Coolidge200@hotmail.com
Providence,20-04-1994,201,Ulysses Garfield,Ulysses_Garfield201@yahoo.com
Oklahoma City,06-11-1974,202,Chester Grant,Chester_Grant202@mac.com
Raleigh,18-11-1993,203,Martin McKinley,Martin_McKinley203@mac.com
Lansing,03-09-1978,204,Millard Reagan,Millard_Reagan204@gmail.com
Helena,30-03-1986,205,Ulysses Jefferson,Ulysses_Jefferson205@gmail.com
Carson City,10-04-1981,206,Grover Nixon,Grover_Nixon206@hotmail.com
Dover,20-10-1989,207,Ulysses Clinton,Ulysses_Clinton207@mac.com
Bismarck,10-09-1972,208,Zachary Coolidge,Zachary_Coolidge208@hotmail.com
Charleston,07-01-1978,209,William McKinley,William_McKinley209@mac.com
Richmond,27-10-1994,210,Ulysses Harding,Ulysses_Harding210@gmail.com
Oklahoma City,01-07-1991,211,Andrew Eisenhower,Andrew_Eisenhower211@mac.com
Nashville,12-11-1980,212,Millard Garfield,Millard_Garfield212@yahoo.com
Baton Rouge,16-08-1976,213,James Arthur,James_Arthur213@hotmail.com
Austin,03-03-1976,214,Lyndon Monroe,Lyndon_Monroe214@mac.com
Little Rock,15-01-1973,215,Woodrow Truman,Woodrow_Truman215@yahoo.com
Indianapolis,06-03-1988,216,George Grant,George_Grant216@hotmail.com
Indianapolis,12-02-1979,217,Lyndon Madison,Lyndon_Madison217@mac.com
Columbus,21-09-1993,218,Harry Grant,Harry_Grant218@hotmail.com
Nashville,27-09-1974,219,George Ford,George_Ford219@hotmail.com
Albany,11-05-1988,220,Grover Washington,Grover_Washington220@hotmail.com
Albany,05-07-1989,221,Millard Grant,Millard_Grant221@hotmail.com
Jackson,01-01-1995,222,Harry Van Buren,Harry_Van_Buren222@yahoo.com
Juneau,03-10-1980,223,Gerald Truman,Gerald_Truman223@gmail.com
Des Moines,28-07-1981,224,Dwight Hayes,Dwight_Hayes224@hotmail.com
Raleigh,12-05-1994,225,Rutherford Kennedy,Rutherford_Kennedy225@yahoo.com
Richmond,19-11-1981,226,Chester Jefferson,Chester_Jefferson226@gmail.com
Richmond,23-11-1995,227,Chester Jackson,Chester_Jackson227@yahoo.com
Santa Fe,04-07-1992,228,Ulysses Pierce,Ulysses_Pierce228@yahoo.com
Dover,02-01-1988,229,Lyndon Nixon,Lyndon_Nixon229@gmail.com
Lincoln,25-10-1978,230,Calvin Madison,Calvin_Madison230@mac.com
Raleigh,19-07-1970,231,Ronald Harrison,Ronald_Harrison231@mac.com
Trenton,07-12-1991,232,Martin Truman,Martin_Truman232@gmail.com
Pierre,13-06-1982,233,Martin Washington,Martin_Washington233@gmail.com
Dover,20-11-1988,234,John Roosevelt,John_Roosevelt234@yahoo.com
Lansing,11-10-1976,235,Warren Harrison,Warren_Harrison235@mac.com
Columbus,01-08-1994,236,Benjamin Pierce,Benjamin_Pierce236@gmail.com
Trenton,13-12-1988,237,Martin Jefferson,Martin_Jefferson237@gmail.com
Des Moines,19-11-1976,238,Rutherford Cleveland,Rutherford_Cleveland238@gmail.com
Indianapolis,22-08-1972,239,William Eisenhower,William_Eisenhower239@mac.com
Lansing,18-07-1982,240,George Harding,George_Harding240@hotmail.com
Concord,03-04-1984,241,John Washington,John_Washington241@mac.com
Bismarck,05-03-1970,242,Bill Truman,Bill_Truman242@mac.com
Pierre,03-08-1973,243,Lyndon Taft,Lyndon_Taft243@mac.com
Juneau,28-12-1978,244,Bill Fillmore,Bill_Fillmore244@gmail.com
Madison,22-06-1978,245,Millard Taylor,Millard_Taylor245@hotmail.com
Tallahassee,29-07-1978,246,Andrew Harrison,Andrew_Harrison246@yahoo.com
Madison,27-01-1994,247,Herbert Roosevelt,Herbert_Roosevelt247@hotmail.com
Santa Fe,13-05-1973,248,Martin Roosevelt,Martin_Roosevelt248@gmail.com
Harrisburg,25-08-1989,249,Ulysses Reagan,Ulysses_Reagan249@mac.com
Salt Lake City,08-02-1980,250,Benjamin Polk,Benjamin_Polk250@gmail.com
Juneau,05-05-1980,251,John Jackson,John_Jackson251@gmail.com
Harrisburg,23-12-1970,252,Warren Harding,Warren_Harding252@gmail.com
Jackson,26-12-1989,253,Ronald Tyler,Ronald_Tyler253@hotmail.com
Harrisburg,27-08-1985,254,Jimmy Eisenhower,Jimmy_Eisenhower254@hotmail.com
Montgomery,30-04-1981,255,Ronald Clinton,Ronald_Clinton255@hotmail.com
Albany,29-12-1971,256,Woodrow Wilson,Woodrow_Wilson256@mac.com
Montpelier,24-09-1992,257,George Coolidge,George_Coolidge257@mac.com
Denver,27-07-1987,258,George Harrison,George_Harrison258@hotmail.com
Columbia,10-10-1972,259,Gerald Polk,Gerald_Polk259@yahoo.com
Lincoln,09-11-1970,260,Ulysses Adams,Ulysses_Adams260@gmail.com
Pierre,25-09-1980,261,Theodore Fillmore,Theodore_Fillmore261@mac.com
Charleston,25-02-1987,262,William Kennedy,William_Kennedy262@mac.com
Madison,24-06-1971,263,Lyndon Grant,Lyndon_Grant263@mac.com
Montgomery,14-02-1989,264,Warren Fillmore,Warren_Fillmore264@yahoo.com
Cheyenne,24-08-1975,265,Bill Washington,Bill_Washington265@hotmail.com
Nashville,27-01-1984,266,Woodrow Quincy,Woodrow_Quincy266@mac.com
Albany,17-09-1984,267,Lyndon Ford,Lyndon_Ford267@yahoo.com
Trenton,17-09-1972,268,Chester Truman,Chester_Truman268@gmail.com
Madison,24-10-1974,269,Zachary Harrison,Zachary_Harrison269@hotmail.com
Frankfort,08-09-1992,270,Theodore Monroe,Theodore_Monroe270@hotmail.com
Madison,31-10-1989,271,Warren Coolidge,Warren_Coolidge271@gmail.com
Lansing,15-07-1982,272,Dwight Roosevelt,Dwight_Roosevelt272@yahoo.com
Cheyenne,25-10-1976,273,Gerald Roosevelt,Gerald_Roosevelt273@mac.com
Jackson,21-04-1994,274,Calvin Adams,Calvin_Adams274@mac.com
Sacramento,03-01-1983,275,Jimmy Taft,Jimmy_Taft275@hotmail.com
Concord,11-08-1989,276,William Cleveland,William_Cleveland276@gmail.com
Annapolis,07-09-1978,277,Ulysses Harding,Ulysses_Harding277@gmail.com
Jefferson City,23-04-1994,278,Lyndon Ford,Lyndon_Ford278@mac.com
Charleston,16-02-1980,279,Herbert Kennedy,Herbert_Kennedy279@hotmail.com
Saint Paul,09-07-1989,280,James Johnson,James_Johnson280@yahoo.com
Olympia,03-10-1983,281,Calvin Harding,Calvin_Harding281@mac.com
Frankfort,02-04-1989,282,Andrew Harrison,Andrew_Harrison282@gmail.com
Hartford,27-11-1982,283,Calvin Taylor,Calvin_Taylor283@gmail.com
Augusta,28-04-1981,284,Rutherford Arthur,Rutherford_Arthur284@yahoo.com
Denver,21-03-1981,285,Woodrow Buchanan,Woodrow_Buchanan285@hotmail.com
Frankfort,30-10-1986,286,Franklin Washington,Franklin_Washington286@hotmail.com
Columbia,11-02-1975,287,Chester Monroe,Chester_Monroe287@mac.com
Albany,14-11-1979,288,Martin Johnson,Martin_Johnson288@hotmail.com
Salem,26-04-1988,289,Rutherford McKinley,Rutherford_McKinley289@yahoo.com
Atlanta,09-10-1987,290,Woodrow Coolidge,Woodrow_Coolidge290@yahoo.com
Phoenix,22-12-1987,291,James Lincoln,James_Lincoln291@mac.com
Saint Paul,11-07-1970,292,Richard Monroe,Richard_Monroe292@mac.com
Bismarck,18-03-1986,293,Theodore Arthur,Theodore_Arthur293@yahoo.com
Concord,30-08-1994,294,Grover Grant,Grover_Grant294@yahoo.com
Madison,04-10-1987,295,Herbert Johnson,Herbert_Johnson295@mac.com
Frankfort,29-04-1975,296,Andrew Arthur,Andrew_Arthur296@mac.com
Salt Lake City,01-07-1970,297,Franklin Johnson,Franklin_Johnson297@yahoo.com
Olympia,04-09-1982,298,Dwight Cleveland,Dwight_Cleveland298@yahoo.com
Olympia,27-06-1988,299,Dwight Harrison,Dwight_Harrison299@yahoo.com
Atlanta,07-07-1983,300,Dwight Taft,Dwight_Taft300@hotmail.com
Frankfort,30-05-1973,301,Ulysses Taft,Ulysses_Taft301@mac.com
Annapolis,07-03-1975,302,Benjamin Washington,Benjamin_Washington302@gmail.com
Phoenix,15-11-1986,303,William Taylor,William_Taylor303@gmail.com
Bismarck,17-07-1993,304,Martin Johnson,Martin_Johnson304@gmail.com
Annapolis,02-09-1992,305,Theodore Wilson,Theodore_Wilson305@yahoo.com
Juneau,01-05-1977,306,Harry McKinley,Harry_McKinley306@gmail.com
Topeka,02-05-1992,307,Chester Arthur,Chester_Arthur307@yahoo.com
Concord,08-06-1971,308,Lyndon Monroe,Lyndon_Monroe308@mac.com
Frankfort,12-01-1970,309,William Adams,William_Adams309@hotmail.com
Madison,06-07-1988,310,John Washington,John_Washington310@hotmail.com
Springfield,09-04-1983,311,George Hayes,George_Hayes311@gmail.com
Concord,30-07-1972,312,Franklin Jackson,Franklin_Jackson312@mac.com
Oklahoma City,30-05-1988,313,Franklin Arthur,Franklin_Arthur313@gmail.com
Saint Paul,28-09-1976,314,Ulysses Harding,Ulysses_Harding314@hotmail.com
Boston,30-05-1984,315,William Roosevelt,William_Roosevelt315@mac.com
Bismarck,20-12-1971,316,George Roosevelt,George_Roosevelt316@yahoo.com
Hartford,20-10-1972,317,Thomas Buchanan,Thomas_Buchanan317@yahoo.com
Annapolis,07-12-1983,318,John Roosevelt,John_Roosevelt318@gmail.com
Harrisburg,27-05-1992,319,Millard Hayes,Millard_Hayes319@hotmail.com
Jackson,22-10-1987,320,Richard Quincy,Richard_Quincy320@hotmail.com
Jackson,24-09-1973,321,Thomas Garfield,Thomas_Garfield321@gmail.com
Dover,18-02-1985,322,Lyndon Truman,Lyndon_Truman322@gmail.com
Albany,10-07-1970,323,Harry Coolidge,Harry_Coolidge323@mac.com
Denver,25-07-1991,324,Bill Jackson,Bill_Jackson324@mac.com
Jefferson City,21-06-1980,325,Bill Reagan,Bill_Reagan325@yahoo.com
Augusta,24-08-1982,326,Herbert Buchanan,Herbert_Buchanan326@mac.com
Columbia,15-07-1977,327,James Harrison,James_Harrison327@hotmail.com
Montgomery,04-06-1981,328,Calvin Truman,Calvin_Truman328@gmail.com
Hartford,13-11-1978,329,Abraham Wilson,Abraham_Wilson329@gmail.com
Providence,19-01-1984,330,Zachary Madison,Zachary_Madison330@mac.com
Albany,15-10-1975,331,Andrew Clinton,Andrew_Clinton331@yahoo.com
Montpelier,26-02-1972,332,Woodrow Harding,Woodrow_Harding332@hotmail.com
Helena,04-11-1980,333,Gerald Van Buren,Gerald_Van_Buren333@yahoo.com
Boise,03-03-1981,334,Calvin Adams,Calvin_Adams334@mac.com
Oklahoma City,17-05-1981,335,Woodrow Fillmore,Woodrow_Fillmore335@yahoo.com
Raleigh,22-05-1992,336,Thomas Coolidge,Thomas_Coolidge336@gmail.com
Augusta,28-07-1986,337,Warren Ford,Warren_Ford337@gmail.com
Albany,06-12-1994,338,Herbert Lincoln,Herbert_Lincoln338@mac.com
Lansing,18-07-1971,339,Abraham Adams,Abraham_Adams339@hotmail.com
Santa Fe,07-05-1972,340,Gerald Tyler,Gerald_Tyler340@yahoo.com
Boise,22-04-1970,341,Dwight Grant,Dwight_Grant341@hotmail.com
Salt Lake City,23-02-1991,342,Ronald Quincy,Ronald_Quincy342@gmail.com
Columbia,23-03-1978,343,Gerald Reagan,Gerald_Reagan343@gmail.com
Santa Fe,27-11-1976,344,Dwight McKinley,Dwight_McKinley344@yahoo.com
Denver,13-11-1980,345,Lyndon Roosevelt,Lyndon_Roosevelt345@yahoo.com
Harrisburg,16-03-1992,346,Lyndon Eisenhower,Lyndon_Eisenhower346@hotmail.com
Montpelier,25-09-1990,347,Ulysses Garfield,Ulysses_Garfield347@yahoo.com
Lansing,27-02-1991,348,Ulysses Harding,Ulysses_Harding348@yahoo.com
Annapolis,02-11-1979,349,Harry Eisenhower,Harry_Eisenhower349@yahoo.com
Carson City,09-09-1981,350,Ulysses Reagan,Ulysses_Reagan350@yahoo.com
Honolulu,23-08-1992,351,Gerald Roosevelt,Gerald_Roosevelt351@yahoo.com
Augusta,09-05-1973,352,Ronald Adams,Ronald_Adams352@hotmail.com
Frankfort,03-05-1976,353,William Coolidge,William_Coolidge353@hotmail.com
Helena,18-11-1978,354,Bill Jefferson,Bill_Jefferson354@hotmail.com
Sacramento,25-10-1989,355,Franklin Johnson,Franklin_Johnson355@yahoo.com
Springfield,21-03-1980,356,Benjamin Clinton,Benjamin_Clinton356@hotmail.com
Pierre,21-07-1977,357,Franklin Roosevelt,Franklin_Roosevelt357@gmail.com
Columbus,20-03-1984,358,Theodore Taft,Theodore_Taft358@yahoo.com
Jackson,06-08-1990,359,Herbert Madison,Herbert_Madison359@gmail.com
Bismarck,11-10-1987,360,Theodore Carter,Theodore_Carter360@hotmail.com
Harrisburg,18-11-1975,361,John Harrison,John_Harrison361@hotmail.com
Helena,17-08-1990,362,Thomas Taft,Thomas_Taft362@yahoo.com
Saint Paul,03-03-1977,363,Woodrow Jefferson,Woodrow_Jefferson363@gmail.com
Frankfort,25-06-1992,364,John Fillmore,John_Fillmore364@hotmail.com
Charleston,22-09-1985,365,Ulysses Polk,Ulysses_Polk365@mac.com
Trenton,19-10-1995,366,John Clinton,John_Clinton366@hotmail.com
Lincoln,02-02-1985,367,Thomas Harrison,Thomas_Harrison367@yahoo.com
Frankfort,06-11-1989,368,Woodrow Jefferson,Woodrow_Jefferson368@gmail.com
Pierre,05-01-1987,369,Woodrow Harrison,Woodrow_Harrison369@mac.com
Richmond,14-05-1976,370,Woodrow Eisenhower,Woodrow_Eisenhower370@hotmail.com
Dover,22-12-1991,371,Chester Cleveland,Chester_Cleveland371@yahoo.com
Denver,13-06-1973,372,Calvin Roosevelt,Calvin_Roosevelt372@hotmail.com
Lincoln,22-04-1970,373,Millard Grant,Millard_Grant373@yahoo.com
Charleston,25-12-1992,374,Andrew Coolidge,Andrew_Coolidge374@hotmail.com
Providence,03-05-1992,375,Ulysses Wilson,Ulysses_Wilson375@mac.com
Sacramento,28-04-1993,376,Grover Harding,Grover_Harding376@hotmail.com
Tallahassee,16-08-1992,377,Dwight Jefferson,Dwight_Jefferson377@gmail.com
Pierre,13-05-1971,378,Lyndon McKinley,Lyndon_McKinley378@mac.com
Olympia,19-08-1985,379,Benjamin Harding,Benjamin_Harding379@gmail.com
Salt Lake City,10-11-1974,380,Ronald Hayes,Ronald_Hayes380@yahoo.com
Dover,09-12-1970,381,Millard Tyler,Millard_Tyler381@hotmail.com
Juneau,24-02-1978,382,Bill Wilson,Bill_Wilson382@hotmail.com
Helena,27-05-1994,383,Theodore Nixon,Theodore_Nixon383@mac.com
Columbus,30-12-1986,384,Herbert Tyler,Herbert_Tyler384@gmail.com
Richmond,08-04-1980,385,James Kennedy,James_Kennedy385@yahoo.com
Helena,20-10-1990,386,Dwight Monroe,Dwight_Monroe386@yahoo.com
Little Rock,28-08-1995,387,Millard Johnson,Millard_Johnson387@hotmail.com
Hartford,05-12-1984,388,Theodore Jackson,Theodore_Jackson388@hotmail.com
Baton Rouge,07-07-1977,389,Millard Roosevelt,Millard_Roosevelt389@gmail.com
Trenton,27-04-1980,390,Andrew Hayes,Andrew_Hayes390@yahoo.com
Indianapolis,10-05-1986,391,John Fillmore,John_Fillmore391@mac.com
Columbus,05-03-1976,392,Theodore Fillmore,Theodore_Fillmore392@hotmail.com
Boise,01-12-1977,393,Benjamin Roosevelt,Benjamin_Roosevelt393@yahoo.com
Boise,25-11-1981,394,George Cleveland,George_Cleveland394@gmail.com
Tallahassee,01-02-1988,395,Millard Reagan,Millard_Reagan395@yahoo.com
Sacramento,21-01-1973,396,Millard Jefferson,Millard_Jefferson396@mac.com
Jackson,04-03-1995,397,Benjamin Coolidge,Benjamin_Coolidge397@gmail.com
Des Moines,11-07-1984,398,Warren Quincy,Warren_Quincy398@mac.com
Augusta,30-11-1977,399,Andrew Taft,Andrew_Taft399@gmail.com
Austin,21-08-1978,400,John Garfield,John_Garfield400@hotmail.com
Salem,02-04-1992,401,Richard Hayes,Richard_Hayes401@hotmail.com
Little Rock,17-06-1990,402,Warren Harding,Warren_Harding402@mac.com
Harrisburg,11-05-1992,403,Warren Garfield,Warren_Garfield403@hotmail.com
Little Rock,07-01-1993,404,Rutherford Fillmore,Rutherford_Fillmore404@mac.com
Providence,01-11-1985,405,Jimmy Kennedy,Jimmy_Kennedy405@hotmail.com
Raleigh,21-08-1971,406,Ulysses Wilson,Ulysses_Wilson406@yahoo.com
Frankfort,07-08-1975,407,Harry Coolidge,Harry_Coolidge407@gmail.com
Columbia,08-02-1975,408,Martin Lincoln,Martin_Lincoln408@yahoo.com
Honolulu,13-06-1979,409,Ulysses Johnson,Ulysses_Johnson409@hotmail.com
Little Rock,27-12-1995,410,Millard Adams,Millard_Adams410@yahoo.com
Richmond,30-09-1982,411,Warren Grant,Warren_Grant411@hotmail.com
Trenton,17-09-1980,412,Dwight Roosevelt,Dwight_Roosevelt412@yahoo.com
Salem,26-03-1972,413,Calvin Jackson,Calvin_Jackson413@yahoo.com
Springfield,06-09-1990,414,Ulysses Truman,Ulysses_Truman414@mac.com
Jefferson City,23-05-1971,415,William Arthur,William_Arthur415@yahoo.com
Harrisburg,09-03-1970,416,John Quincy,John_Quincy416@gmail.com
Charleston,02-06-1978,417,Ronald Garfield,Ronald_Garfield417@mac.com
Raleigh,07-04-1987,418,George Adams,George_Adams418@gmail.com
Annapolis,22-03-1974,419,Martin Ford,Martin_Ford419@yahoo.com
Olympia,03-05-1974,420,Richard Reagan,Richard_Reagan420@yahoo.com
Little Rock,01-06-1992,421,Thomas Carter,Thomas_Carter421@gmail.com
Pierre,19-09-1977,422,Herbert Harrison,Herbert_Harrison422@yahoo.com
Oklahoma City,12-11-1989,423,Rutherford Madison,Rutherford_Madison423@mac.com
Santa Fe,09-11-1981,424,Grover Tyler,Grover_Tyler424@gmail.com
Providence,14-08-1990,425,Woodrow Grant,Woodrow_Grant425@mac.com
Salt Lake City,08-06-1992,426,Ronald Wilson,Ronald_Wilson426@mac.com
Harrisburg,15-11-1994,427,Grover Madison,Grover_Madison427@yahoo.com
Santa Fe,15-02-1977,428,Harry Adams,Harry_Adams428@mac.com
Boise,25-10-1982,429,Ulysses Tyler,Ulysses_Tyler429@gmail.com
Bismarck,19-02-1971,430,Ulysses Carter,Ulysses_Carter430@hotmail.com
Springfield,11-11-1985,431,Abraham Harrison,Abraham_Harrison431@mac.com
Salem,02-06-1985,432,Theodore Cleveland,Theodore_Cleveland432@mac.com
Hartford,26-04-1970,433,Benjamin Reagan,Benjamin_Reagan433@gmail.com
Trenton,13-08-1985,434,Dwight Tyler,Dwight_Tyler434@yahoo.com
Nashville,29-10-1986,435,Gerald Harding,Gerald_Harding435@gmail.com
Pierre,23-07-1982,436,James Reagan,James_Reagan436@mac.com
Springfield,21-09-1979,437,Ronald Eisenhower,Ronald_Eisenhower437@mac.com
Jefferson City,09-07-1995,438,Richard Ford,Richard_Ford438@yahoo.com
Lansing,16-08-1982,439,James Jackson,James_Jackson439@mac.com
Olympia,14-12-1993,440,Rutherford Roosevelt,Rutherford_Roosevelt440@mac.com
Helena,09-05-1977,441,Theodore Arthur,Theodore_Arthur441@hotmail.com
Hartford,11-12-1981,442,Bill Kennedy,Bill_Kennedy442@hotmail.com
Trenton,10-08-1973,443,Warren Harrison,Warren_Harrison443@hotmail.com
Atlanta,27-01-1980,444,Jimmy Eisenhower,Jimmy_Eisenhower444@gmail.com
Columbus,07-05-1989,445,Grover Taylor,Grover_Taylor445@hotmail.com
Albany,25-12-1977,446,Bill Van Buren,Bill_Van_Buren446@mac.com
Nashville,09-06-1982,447,William Clinton,William_Clinton447@hotmail.com
Columbia,21-04-1989,448,Zachary Jefferson,Zachary_Jefferson448@yahoo.com
Columbus,07-06-1972,449,Theodore Roosevelt,Theodore_Roosevelt449@hotmail.com
Helena,15-03-1983,450,George Johnson,George_Johnson450@mac.com
Phoenix,22-01-1974,451,Martin Grant,Martin_Grant451@mac.com
Pierre,08-04-1993,452,Harry Hayes,Harry_Hayes452@gmail.com
Baton Rouge,03-05-1994,453,Franklin Hayes,Franklin_Hayes453@gmail.com
Sacramento,29-12-1982,454,Abraham Harrison,Abraham_Harrison454@yahoo.com
Madison,24-10-1987,455,Harry McKinley,Harry_McKinley455@hotmail.com
Annapolis,06-07-1989,456,Benjamin Van Buren,Benjamin_Van_Buren456@hotmail.com
Columbia,22-11-1982,457,Theodore Ford,Theodore_Ford457@hotmail.com
Denver,20-11-1981,458,Herbert Harrison,Herbert_Harrison458@mac.com
Honolulu,03-10-1974,459,Calvin Eisenhower,Calvin_Eisenhower459@yahoo.com
Baton Rouge,18-08-1994,460,Harry Jefferson,Harry_Jefferson460@yahoo.com
Salem,14-10-1992,461,Harry Adams,Harry_Adams461@yahoo.com
Richmond,22-09-1985,462,Calvin Truman,Calvin_Truman462@yahoo.com
Albany,06-02-1977,463,Zachary Tyler,Zachary_Tyler463@hotmail.com
Phoenix,20-10-1992,464,John Clinton,John_Clinton464@gmail.com
Hartford,24-12-1988,465,Millard Truman,Millard_Truman465@yahoo.com
Augusta,22-10-1971,466,Calvin Grant,Calvin_Grant466@yahoo.com
Augusta,14-11-1986,467,Jimmy Lincoln,Jimmy_Lincoln467@gmail.com
Sacramento,28-09-1982,468,James Lincoln,James_Lincoln468@hotmail.com
Lincoln,15-10-1991,469,Millard Jackson,Millard_Jackson469@yahoo.com
Nashville,20-11-1989,470,Grover Cleveland,Grover_Cleveland470@mac.com
Honolulu,31-08-1990,471,Lyndon Adams,Lyndon_Adams471@mac.com
Lansing,17-01-1980,472,Grover Grant,Grover_Grant472@gmail.com
Helena,18-08-1972,473,Woodrow Johnson,Woodrow_Johnson473@hotmail.com
Lincoln,26-02-1991,474,Jimmy Harrison,Jimmy_Harrison474@yahoo.com
Nashville,16-08-1979,475,Ronald Quincy,Ronald_Quincy475@gmail.com
Charleston,25-12-1987,476,Ulysses Lincoln,Ulysses_Lincoln476@hotmail.com
Richmond,07-06-1981,477,Harry Monroe,Harry_Monroe477@mac.com
Salt Lake City,25-01-1970,478,Herbert Ford,Herbert_Ford478@gmail.com
Nashville,12-07-1989,479,George Wilson,George_Wilson479@mac.com
Honolulu,11-09-1975,480,Ronald Pierce,Ronald_Pierce480@mac.com
Olympia,22-09-1972,481,Millard Adams,Millard_Adams481@hotmail.com
Tallahassee,13-02-1990,482,Thomas Roosevelt,Thomas_Roosevelt482@gmail.com
Augusta,15-02-1976,483,Martin Jefferson,Martin_Jefferson483@hotmail.com
Lincoln,06-10-1980,484,Theodore Roosevelt,Theodore_Roosevelt484@mac.com
Indianapolis,08-05-1993,485,James Reagan,James_Reagan485@yahoo.com
Salem,24-07-1976,486,Richard Johnson,Richard_Johnson486@mac.com
Boise,08-07-1980,487,Jimmy Arthur,Jimmy_Arthur487@gmail.com
Providence,12-04-1985,488,Theodore Taft,Theodore_Taft488@yahoo.com
Jefferson City,24-11-1990,489,Benjamin Monroe,Benjamin_Monroe489@gmail.com
Harrisburg,15-12-1990,490,Millard Monroe,Millard_Monroe490@gmail.com
Juneau,28-10-1973,491,Millard Johnson,Millard_Johnson491@gmail.com
Olympia,23-03-1994,492,Ronald Adams,Ronald_Adams492@yahoo.com
Honolulu,28-09-1983,493,Andrew Polk,Andrew_Polk493@yahoo.com
Baton Rouge,23-09-1986,494,Harry Truman,Harry_Truman494@hotmail.com
Atlanta,01-12-1991,495,Zachary Tyler,Zachary_Tyler495@gmail.com
Columbia,11-05-1991,496,Bill Arthur,Bill_Arthur496@hotmail.com
Augusta,14-10-1981,497,Chester Grant,Chester_Grant497@mac.com
Tallahassee,27-07-1994,498,Abraham Harrison,Abraham_Harrison498@hotmail.com
Denver,21-05-1975,499,James McKinley,James_McKinley499@yahoo.com
Austin,13-06-1993,500,Martin Roosevelt,Martin_Roosevelt500@mac.com
Little Rock,14-11-1982,501,Bill Madison,Bill_Madison501@yahoo.com
Lincoln,22-10-1970,502,Andrew Carter,Andrew_Carter502@hotmail.com
Des Moines,14-08-1977,503,Harry Johnson,Harry_Johnson503@mac.com
Saint Paul,23-12-1981,504,Ulysses Taylor,Ulysses_Taylor504@mac.com
Nashville,25-10-1979,505,William Pierce,William_Pierce505@hotmail.com
Madison,17-08-1971,506,William Reagan,William_Reagan506@mac.com
Carson City,02-02-1974,507,Grover Hayes,Grover_Hayes507@hotmail.com
Olympia,10-03-1985,508,Harry Garfield,Harry_Garfield508@yahoo.com
Topeka,19-02-1991,509,Chester Jefferson,Chester_Jefferson509@gmail.com
Phoenix,08-04-1990,510,William Nixon,William_Nixon510@yahoo.com
Harrisburg,09-10-1987,511,Rutherford Johnson,Rutherford_Johnson511@yahoo.com
Richmond,19-08-1985,512,Rutherford Jackson,Rutherford_Jackson512@mac.com
Jefferson City,18-06-1972,513,Dwight Harrison,Dwight_Harrison513@yahoo.com
Providence,08-02-1990,514,Franklin Grant,Franklin_Grant514@mac.com
Tallahassee,30-09-1971,515,Warren Roosevelt,Warren_Roosevelt515@hotmail.com
Little Rock,20-01-1978,516,William Tyler,William_Tyler516@hotmail.com
Little Rock,23-07-1985,517,Woodrow Nixon,Woodrow_Nixon517@mac.com
Lansing,25-08-1990,518,Benjamin Roosevelt,Benjamin_Roosevelt518@yahoo.com
Little Rock,10-12-1981,519,Lyndon Johnson,Lyndon_Johnson519@yahoo.com
Providence,26-09-1982,520,Theodore Eisenhower,Theodore_Eisenhower520@yahoo.com
Columbia,21-01-1988,521,Millard Arthur,Millard_Arthur521@gmail.com
Augusta,08-06-1985,522,Jimmy Jefferson,Jimmy_Jefferson522@hotmail.com
Annapolis,29-01-1977,523,Franklin McKinley,Franklin_McKinley523@yahoo.com
Frankfort,01-04-1975,524,William Kennedy,William_Kennedy524@gmail.com
Richmond,29-10-1984,525,James Johnson,James_Johnson525@gmail.com
Saint Paul,20-11-1990,526,Harry Nixon,Harry_Nixon526@gmail.com
Madison,28-09-1986,527,Ulysses Ford,Ulysses_Ford527@hotmail.com
Sacramento,03-08-1979,528,Jimmy Grant,Jimmy_Grant528@mac.com
Jefferson City,12-01-1982,529,Ulysses Adams,Ulysses_Adams529@hotmail.com
Little Rock,13-01-1979,530,Gerald Hayes,Gerald_Hayes530@hotmail.com
Harrisburg,20-08-1984,531,Chester McKinley,Chester_McKinley531@gmail.com
Frankfort,08-10-1973,532,Herbert Eisenhower,Herbert_Eisenhower532@mac.com
Raleigh,26-10-1990,533,Lyndon McKinley,Lyndon_McKinley533@yahoo.com
Charleston,02-03-1993,534,Bill Madison,Bill_Madison534@hotmail.com
Juneau,01-01-1974,535,Millard Van Buren,Millard_Van_Buren535@yahoo.com
Trenton,23-10-1984,536,Lyndon Pierce,Lyndon_Pierce536@mac.com
Madison,16-09-1989,537,William Grant,William_Grant537@mac.com
Hartford,04-06-1991,538,Thomas Monroe,Thomas_Monroe538@mac.com
Juneau,11-03-1986,539,Thomas Cleveland,Thomas_Cleveland539@yahoo.com
Jefferson City,17-02-1970,540,Gerald Ford,Gerald_Ford540@hotmail.com
Annapolis,14-08-1988,541,Grover Nixon,Grover_Nixon541@hotmail.com
Richmond,01-04-1977,542,Franklin Johnson,Franklin_Johnson542@mac.com
Columbus,31-05-1979,543,John Garfield,John_Garfield543@yahoo.com
Columbus,08-05-1992,544,George McKinley,George_McKinley544@yahoo.com
Richmond,30-07-1973,545,Franklin Buchanan,Franklin_Buchanan545@yahoo.com
Columbus,24-10-1987,546,Jimmy Madison,Jimmy_Madison546@mac.com
Olympia,20-08-1988,547,Gerald Harding,Gerald_Harding547@hotmail.com
Albany,24-07-1972,548,Bill Cleveland,Bill_Cleveland548@mac.com
Indianapolis,22-01-1979,549,Chester Johnson,Chester_Johnson549@hotmail.com
Indianapolis,23-04-1979,550,Martin Harding,Martin_Harding550@yahoo.com
Concord,01-09-1993,551,Rutherford Reagan,Rutherford_Reagan551@hotmail.com
Providence,02-12-1970,552,Martin McKinley,Martin_McKinley552@gmail.com
Frankfort,19-01-1989,553,Grover Reagan,Grover_Reagan553@mac.com
Helena,08-03-1986,554,Andrew Kennedy,Andrew_Kennedy554@yahoo.com
Boise,22-05-1986,555,Abraham Quincy,Abraham_Quincy555@hotmail.com
Springfield,25-09-1993,556,Woodrow Pierce,Woodrow_Pierce556@hotmail.com
Augusta,21-09-1991,557,Martin Polk,Martin_Polk557@hotmail.com
Columbia,12-04-1995,558,William Kennedy,William_Kennedy558@gmail.com
Bismarck,18-02-1990,559,Franklin Wilson,Franklin_Wilson559@hotmail.com
Jackson,09-12-1989,560,Gerald Adams,Gerald_Adams560@hotmail.com
Richmond,11-10-1992,561,Franklin Grant,Franklin_Grant561@gmail.com
Madison,17-11-1989,562,Rutherford Monroe,Rutherford_Monroe562@gmail.com
Harrisburg,14-04-1992,563,Jimmy Ford,Jimmy_Ford563@mac.com
Springfield,20-12-1971,564,Franklin Hayes,Franklin_Hayes564@mac.com
Raleigh,30-06-1974,565,Thomas Arthur,Thomas_Arthur565@mac.com
Little Rock,08-09-1994,566,George Grant,George_Grant566@mac.com
Montgomery,22-12-1984,567,Andrew McKinley,Andrew_McKinley567@gmail.com
Indianapolis,19-01-1988,568,Martin Hayes,Martin_Hayes568@hotmail.com
Harrisburg,19-05-1995,569,Rutherford Fillmore,Rutherford_Fillmore569@hotmail.com
Boston,12-09-1978,570,Benjamin Nixon,Benjamin_Nixon570@gmail.com
Lincoln,30-12-1970,571,Herbert Clinton,Herbert_Clinton571@gmail.com
Richmond,10-12-1984,572,Rutherford Jackson,Rutherford_Jackson572@gmail.com
Albany,25-07-1975,573,Grover Arthur,Grover_Arthur573@gmail.com
Salem,27-12-1992,574,John Tyler,John_Tyler574@mac.com
Annapolis,30-10-1973,575,Abraham Jefferson,Abraham_Jefferson575@gmail.com
Lansing,13-01-1990,576,John Eisenhower,John_Eisenhower576@yahoo.com
Santa Fe,02-10-1986,577,Grover Pierce,Grover_Pierce577@hotmail.com
Sacramento,17-06-1984,578,Chester Grant,Chester_Grant578@gmail.com
Juneau,24-11-1986,579,Bill Reagan,Bill_Reagan579@mac.com
Nashville,30-11-1975,580,Ulysses Johnson,Ulysses_Johnson580@hotmail.com
Boston,17-12-1993,581,Richard Jackson,Richard_Jackson581@yahoo.com
Juneau,02-06-1974,582,James Eisenhower,James_Eisenhower582@yahoo.com
Boston,07-12-1978,583,Ronald Hoover,Ronald_Hoover583@mac.com
Jefferson City,18-04-1992,584,Chester Garfield,Chester_Garfield584@mac.com
Helena,29-10-1971,585,Franklin Madison,Franklin_Madison585@hotmail.com
Lincoln,17-02-1991,586,Calvin Roosevelt,Calvin_Roosevelt586@gmail.com
Boise,06-07-1994,587,Richard Hoover,Richard_Hoover587@gmail.com
Columbus,04-06-1980,588,Harry Taft,Harry_Taft588@hotmail.com
Baton Rouge,06-08-1992,589,Lyndon Grant,Lyndon_Grant589@mac.com
Little Rock,18-04-1977,590,Theodore Roosevelt,Theodore_Roosevelt590@mac.com
Annapolis,18-10-1972,591,Millard Taft,Millard_Taft591@yahoo.com
Columbus,28-10-1984,592,Ronald Polk,Ronald_Polk592@mac.com
Oklahoma City,04-11-1986,593,Gerald Harding,Gerald_Harding593@gmail.com
Boise,18-05-1971,594,Bill Johnson,Bill_Johnson594@hotmail.com
Salt Lake City,18-05-1973,595,George Washington,George_Washington595@yahoo.com
Montpelier,09-07-1995,596,Abraham McKinley,Abraham_McKinley596@mac.com
Baton Rouge,02-10-1995,597,George Fillmore,George_Fillmore597@gmail.com
Saint Paul,26-11-1977,598,James Adams,James_Adams598@hotmail.com
Concord,03-05-1990,599,James Adams,James_Adams599@gmail.com
Harrisburg,25-08-1979,600,William Johnson,William_Johnson600@gmail.com
Denver,23-02-1992,601,Thomas Eisenhower,Thomas_Eisenhower601@mac.com
Concord,30-08-1981,602,Warren Madison,Warren_Madison602@mac.com
Concord,12-06-1991,603,Millard Buchanan,Millard_Buchanan603@hotmail.com
Columbia,18-06-1985,604,Rutherford Roosevelt,Rutherford_Roosevelt604@yahoo.com
Austin,19-02-1985,605,George Adams,George_Adams605@hotmail.com
Topeka,19-10-1988,606,Jimmy Pierce,Jimmy_Pierce606@yahoo.com
Lincoln,15-07-1987,607,Woodrow Harrison,Woodrow_Harrison607@gmail.com
Hartford,20-10-1993,608,Ulysses Ford,Ulysses_Ford608@yahoo.com
Olympia,12-06-1979,609,Benjamin Wilson,Benjamin_Wilson609@hotmail.com
Jefferson City,07-11-1977,610,Lyndon Madison,Lyndon_Madison610@yahoo.com
Salem,06-01-1989,611,William Johnson,William_Johnson611@yahoo.com
Olympia,07-12-1971,612,William Eisenhower,William_Eisenhower612@gmail.com
Dover,24-05-1984,613,William Wilson,William_Wilson613@yahoo.com
Raleigh,01-09-1981,614,Richard Taft,Richard_Taft614@hotmail.com
Phoenix,02-08-1992,615,Ronald Harrison,Ronald_Harrison615@mac.com
Columbia,20-10-1986,616,Thomas Hoover,Thomas_Hoover616@mac.com
Boston,29-07-1981,617,Harry Clinton,Harry_Clinton617@yahoo.com
Providence,13-04-1975,618,Richard Adams,Richard_Adams618@mac.com
Boston,05-02-1985,619,Ronald Kennedy,Ronald_Kennedy619@yahoo.com
Columbia,02-10-1974,620,Bill Roosevelt,Bill_Roosevelt620@hotmail.com
Raleigh,20-02-1994,621,Theodore Jefferson,Theodore_Jefferson621@mac.com
Tallahassee,25-08-1972,622,Thomas Ford,Thomas_Ford622@mac.com
Albany,22-07-1977,623,George Hoover,George_Hoover623@mac.com
Augusta,03-08-1986,624,James Reagan,James_Reagan624@yahoo.com
Bismarck,21-10-1984,625,Grover Harrison,Grover_Harrison625@yahoo.com
Frankfort,07-05-1981,626,Harry Grant,Harry_Grant626@mac.com
Dover,02-05-1978,627,George Pierce,George_Pierce627@yahoo.com
Columbia,06-02-1985,628,James Reagan,James_Reagan628@mac.com
Augusta,25-06-1985,629,Thomas Madison,Thomas_Madison629@yahoo.com
Hartford,02-03-1984,630,Abraham Polk,Abraham_Polk630@yahoo.com
Austin,05-07-1970,631,Theodore Roosevelt,Theodore_Roosevelt631@gmail.com
Hartford,30-12-1987,632,Harry Tyler,Harry_Tyler632@yahoo.com
Little Rock,05-08-1977,633,Dwight Taft,Dwight_Taft633@yahoo.com
Oklahoma City,10-08-1986,634,Woodrow Roosevelt,Woodrow_Roosevelt634@mac.com
Columbia,21-05-1984,635,Calvin Nixon,Calvin_Nixon635@hotmail.com
Atlanta,23-03-1971,636,Harry Roosevelt,Harry_Roosevelt636@yahoo.com
Charleston,16-01-1978,637,Benjamin Kennedy,Benjamin_Kennedy637@yahoo.com
Cheyenne,20-04-1987,638,Harry Jackson,Harry_Jackson638@hotmail.com
Lincoln,07-03-1992,639,James Van Buren,James_Van_Buren639@gmail.com
Carson City,23-09-1987,640,Ronald Garfield,Ronald_Garfield640@hotmail.com
Hartford,09-11-1979,641,Rutherford Roosevelt,Rutherford_Roosevelt641@mac.com
Jefferson City,09-05-1988,642,Martin Coolidge,Martin_Coolidge642@mac.com
Lansing,11-11-1975,643,Warren Cleveland,Warren_Cleveland643@yahoo.com
Providence,19-08-1994,644,Franklin Johnson,Franklin_Johnson644@hotmail.com
Columbus,26-06-1994,645,James Pierce,James_Pierce645@gmail.com
Montpelier,02-08-1980,646,Abraham Adams,Abraham_Adams646@hotmail.com
Nashville,19-02-1973,647,James Eisenhower,James_Eisenhower647@yahoo.com
Austin,21-10-1973,648,Bill Monroe,Bill_Monroe648@mac.com
Saint Paul,07-10-1974,649,Bill Garfield,Bill_Garfield649@yahoo.com
Springfield,15-09-1994,650,Herbert Garfield,Herbert_Garfield650@gmail.com
Montgomery,01-09-1984,651,Franklin Roosevelt,Franklin_Roosevelt651@hotmail.com
Frankfort,05-11-1994,652,John Harrison,John_Harrison652@gmail.com
Lansing,20-07-1995,653,William Eisenhower,William_Eisenhower653@yahoo.com
Helena,19-05-1971,654,Ulysses Reagan,Ulysses_Reagan654@hotmail.com
Raleigh,19-05-1989,655,Gerald Truman,Gerald_Truman655@gmail.com
Juneau,11-07-1973,656,Warren Fillmore,Warren_Fillmore656@yahoo.com
Pierre,02-01-1977,657,Bill Arthur,Bill_Arthur657@mac.com
Salt Lake City,17-03-1983,658,Ronald Adams,Ronald_Adams658@gmail.com
Boston,19-12-1976,659,Dwight Tyler,Dwight_Tyler659@yahoo.com
Albany,30-07-1970,660,Benjamin Washington,Benjamin_Washington660@yahoo.com
Lansing,25-07-1977,661,Thomas Ford,Thomas_Ford661@hotmail.com
Juneau,01-09-1989,662,Grover Fillmore,Grover_Fillmore662@yahoo.com
Juneau,21-07-1984,663,Zachary McKinley,Zachary_McKinley663@hotmail.com
Boise,12-12-1977,664,Martin Truman,Martin_Truman664@hotmail.com
Helena,21-07-1977,665,Richard Roosevelt,Richard_Roosevelt665@mac.com
Honolulu,23-11-1995,666,Harry Washington,Harry_Washington666@gmail.com
Lincoln,14-07-1994,667,Rutherford Taft,Rutherford_Taft667@mac.com
Frankfort,14-06-1985,668,Richard Harrison,Richard_Harrison668@mac.com
Bismarck,23-06-1972,669,Harry Hoover,Harry_Hoover669@yahoo.com
Baton Rouge,12-06-1978,670,Woodrow Kennedy,Woodrow_Kennedy670@mac.com
Concord,21-07-1992,671,Ulysses Carter,Ulysses_Carter671@gmail.com
Charleston,31-10-1976,672,Martin Taft,Martin_Taft672@mac.com
Little Rock,17-12-1972,673,Richard Pierce,Richard_Pierce673@hotmail.com
Juneau,28-11-1980,674,Ulysses Truman,Ulysses_Truman674@hotmail.com
Frankfort,05-09-1990,675,Lyndon Lincoln,Lyndon_Lincoln675@gmail.com
Indianapolis,28-03-1972,676,Andrew Wilson,Andrew_Wilson676@hotmail.com
Harrisburg,17-05-1976,677,Ronald Clinton,Ronald_Clinton677@hotmail.com
Lansing,07-07-1976,678,Zachary Taylor,Zachary_Taylor678@yahoo.com
Augusta,13-09-1976,679,Herbert Adams,Herbert_Adams679@hotmail.com
Boston,13-02-1974,680,Andrew Lincoln,Andrew_Lincoln680@gmail.com
Columbus,12-02-1975,681,Ronald Adams,Ronald_Adams681@mac.com
Dover,25-07-1978,682,Abraham Jefferson,Abraham_Jefferson682@mac.com
Bismarck,21-08-1984,683,Andrew Arthur,Andrew_Arthur683@gmail.com
Madison,15-07-1985,684,Lyndon Wilson,Lyndon_Wilson684@gmail.com
Indianapolis,12-07-1988,685,Warren Carter,Warren_Carter685@yahoo.com
Phoenix,04-11-1995,686,Ulysses Roosevelt,Ulysses_Roosevelt686@yahoo.com
Hartford,17-05-1987,687,Martin Grant,Martin_Grant687@yahoo.com
Augusta,18-11-1983,688,Abraham Truman,Abraham_Truman688@mac.com
Carson City,16-07-1975,689,Lyndon Hayes,Lyndon_Hayes689@yahoo.com
Des Moines,08-12-1975,690,Grover Madison,Grover_Madison690@mac.com
Trenton,23-06-1988,691,Richard Grant,Richard_Grant691@yahoo.com
Phoenix,02-01-1993,692,Woodrow Johnson,Woodrow_Johnson692@yahoo.com
Olympia,23-11-1978,693,Bill Roosevelt,Bill_Roosevelt693@mac.com
Augusta,28-05-1983,694,Harry Adams,Harry_Adams694@gmail.com
Raleigh,05-03-1988,695,Andrew Taft,Andrew_Taft695@mac.com
Juneau,15-10-1980,696,Calvin Arthur,Calvin_Arthur696@yahoo.com
Madison,17-02-1994,697,James Harding,James_Harding697@yahoo.com
Denver,19-12-1975,698,Millard Monroe,Millard_Monroe698@gmail.com
Annapolis,29-06-1992,699,Jimmy Johnson,Jimmy_Johnson699@mac.com
Boston,28-01-1985,700,Richard Adams,Richard_Adams700@mac.com
Raleigh,24-02-1992,701,Martin Truman,Martin_Truman701@yahoo.com
Madison,03-07-1971,702,Jimmy Fillmore,Jimmy_Fillmore702@hotmail.com
Salem,29-07-1974,703,Ulysses Taft,Ulysses_Taft703@yahoo.com
Pierre,30-01-1987,704,Chester Harding,Chester_Harding704@mac.com
Harrisburg,25-06-1978,705,Woodrow Truman,Woodrow_Truman705@hotmail.com
Lincoln,13-01-1995,706,Martin Taft,Martin_Taft706@gmail.com
Lincoln,13-02-1983,707,Warren Adams,Warren_Adams707@hotmail.com
Concord,26-02-1987,708,Millard Roosevelt,Millard_Roosevelt708@hotmail.com
Jackson,21-03-1972,709,Franklin Kennedy,Franklin_Kennedy709@hotmail.com
Salem,12-08-1974,710,Woodrow Jackson,Woodrow_Jackson710@gmail.com
Lansing,19-01-1995,711,James Taft,James_Taft711@hotmail.com
Phoenix,07-01-1984,712,Warren Harrison,Warren_Harrison712@yahoo.com
Columbus,10-08-1995,713,Theodore Harding,Theodore_Harding713@hotmail.com
Augusta,22-01-1989,714,Abraham Johnson,Abraham_Johnson714@mac.com
Jackson,21-04-1993,715,Richard Johnson,Richard_Johnson715@mac.com
Trenton,08-05-1974,716,Lyndon Van Buren,Lyndon_Van_Buren716@yahoo.com
Columbia,19-04-1983,717,Theodore Cleveland,Theodore_Cleveland717@mac.com
Saint Paul,24-09-1970,718,Rutherford Harrison,Rutherford_Harrison718@hotmail.com
Concord,10-10-1970,719,Warren Jefferson,Warren_Jefferson719@mac.com
Pierre,04-11-1985,720,Gerald Fillmore,Gerald_Fillmore720@mac.com
Bismarck,05-04-1988,721,Franklin McKinley,Franklin_McKinley721@yahoo.com
Albany,27-01-1994,722,Theodore Taft,Theodore_Taft722@gmail.com
Tallahassee,12-06-1977,723,Gerald Buchanan,Gerald_Buchanan723@hotmail.com
Tallahassee,30-08-1974,724,Benjamin Arthur,Benjamin_Arthur724@yahoo.com
Little Rock,19-05-1995,725,Bill Cleveland,Bill_Cleveland725@mac.com
Little Rock,14-03-1993,726,Dwight Truman,Dwight_Truman726@hotmail.com
Concord,13-09-1989,727,Benjamin Buchanan,Benjamin_Buchanan727@yahoo.com
Austin,06-04-1990,728,Grover Ford,Grover_Ford728@yahoo.com
Saint Paul,10-09-1979,729,Lyndon Carter,Lyndon_Carter729@mac.com
Helena,25-04-1987,730,Martin Polk,Martin_Polk730@mac.com
Lincoln,05-10-1978,731,Millard Adams,Millard_Adams731@gmail.com
Annapolis,22-09-1970,732,Franklin Cleveland,Franklin_Cleveland732@hotmail.com
Frankfort,14-04-1988,733,William Ford,William_Ford733@gmail.com
Boston,22-01-1995,734,Thomas Grant,Thomas_Grant734@mac.com
Oklahoma City,15-04-1983,735,Herbert Van Buren,Herbert_Van_Buren735@yahoo.com
Lincoln,22-05-1987,736,Calvin Van Buren,Calvin_Van_Buren736@gmail.com
Montpelier,28-11-1972,737,Martin Tyler,Martin_Tyler737@gmail.com
Helena,25-10-1988,738,Rutherford Buchanan,Rutherford_Buchanan738@mac.com
Denver,14-03-1991,739,Gerald Monroe,Gerald_Monroe739@gmail.com
Little Rock,31-12-1989,740,Ronald Jackson,Ronald_Jackson740@hotmail.com
Santa Fe,04-03-1984,741,Lyndon Clinton,Lyndon_Clinton741@gmail.com
Springfield,12-11-1979,742,Andrew Taft,Andrew_Taft742@gmail.com
Trenton,04-08-1981,743,Bill Polk,Bill_Polk743@mac.com
Salt Lake City,18-03-1975,744,Gerald Jefferson,Gerald_Jefferson744@yahoo.com
Providence,24-06-1986,745,William McKinley,William_McKinley745@mac.com
Salt Lake City,02-07-1987,746,Warren Jackson,Warren_Jackson746@hotmail.com
Salem,07-11-1983,747,George Washington,George_Washington747@hotmail.com
Harrisburg,02-07-1993,748,Grover Polk,Grover_Polk748@hotmail.com
Phoenix,31-07-1982,749,Bill Taft,Bill_Taft749@hotmail.com
Juneau,15-01-1983,750,James Madison,James_Madison750@yahoo.com
Concord,10-12-1984,751,Rutherford Clinton,Rutherford_Clinton751@mac.com
Augusta,22-07-1981,752,Abraham Jefferson,Abraham_Jefferson752@yahoo.com
Frankfort,17-10-1992,753,Woodrow Grant,Woodrow_Grant753@mac.com
Richmond,02-10-1977,754,Martin Adams,Martin_Adams754@hotmail.com
Sacramento,01-11-1983,755,Millard Hayes,Millard_Hayes755@gmail.com
Denver,29-12-1978,756,William Johnson,William_Johnson756@hotmail.com
Hartford,10-12-1979,757,Ronald Roosevelt,Ronald_Roosevelt757@yahoo.com
Columbus,16-09-1981,758,Calvin Kennedy,Calvin_Kennedy758@yahoo.com
Albany,07-02-1972,759,Chester Harding,Chester_Harding759@hotmail.com
Atlanta,23-07-1988,760,Harry Clinton,Harry_Clinton760@mac.com
Santa Fe,04-11-1992,761,John Eisenhower,John_Eisenhower761@hotmail.com
Honolulu,11-07-1976,762,Martin Hoover,Martin_Hoover762@mac.com
Columbus,13-09-1983,763,John Jackson,John_Jackson763@hotmail.com
Atlanta,17-09-1986,764,Herbert Buchanan,Herbert_Buchanan764@yahoo.com
Juneau,12-08-1995,765,Franklin Hoover,Franklin_Hoover765@yahoo.com
Boise,15-01-1993,766,George Tyler,George_Tyler766@mac.com
Tallahassee,19-11-1992,767,Woodrow Harrison,Woodrow_Harrison767@yahoo.com
Augusta,13-08-1993,768,Gerald Clinton,Gerald_Clinton768@gmail.com
Pierre,27-06-1993,769,John Coolidge,John_Coolidge769@yahoo.com
Salt Lake City,29-11-1994,770,Theodore Johnson,Theodore_Johnson770@hotmail.com
Madison,30-04-1985,771,Rutherford Carter,Rutherford_Carter771@mac.com
Denver,31-07-1981,772,Benjamin Tyler,Benjamin_Tyler772@yahoo.com
Frankfort,30-05-1974,773,Calvin Harding,Calvin_Harding773@mac.com
Lansing,02-02-1971,774,Calvin Johnson,Calvin_Johnson774@yahoo.com
Concord,07-05-1981,775,Grover Lincoln,Grover_Lincoln775@mac.com
Columbus,10-11-1972,776,Gerald Eisenhower,Gerald_Eisenhower776@gmail.com
Harrisburg,27-03-1991,777,Warren Buchanan,Warren_Buchanan777@hotmail.com
Dover,29-03-1990,778,Andrew Monroe,Andrew_Monroe778@yahoo.com
Santa Fe,06-05-1972,779,Rutherford Jackson,Rutherford_Jackson779@yahoo.com
Little Rock,03-12-1975,780,Franklin Adams,Franklin_Adams780@mac.com
Juneau,11-08-1981,781,Herbert Kennedy,Herbert_Kennedy781@gmail.com
Boston,06-02-1970,782,Andrew Nixon,Andrew_Nixon782@gmail.com
Jefferson City,25-05-1991,783,James Polk,James_Polk783@gmail.com
Nashville,05-02-1981,784,Rutherford Johnson,Rutherford_Johnson784@hotmail.com
Albany,08-07-1988,785,Warren Quincy,Warren_Quincy785@hotmail.com
Little Rock,31-08-1980,786,Lyndon Jackson,Lyndon_Jackson786@gmail.com
Lansing,29-12-1992,787,Bill Kennedy,Bill_Kennedy787@hotmail.com
Dover,30-08-1976,788,Warren Hayes,Warren_Hayes788@yahoo.com
Lansing,29-06-1988,789,Franklin Jackson,Franklin_Jackson789@hotmail.com
Helena,25-05-1976,790,William Harrison,William_Harrison790@gmail.com
Richmond,23-12-1970,791,Martin Wilson,Martin_Wilson791@hotmail.com
Baton Rouge,23-04-1972,792,Gerald Roosevelt,Gerald_Roosevelt792@hotmail.com
Madison,25-06-1990,793,Martin Fillmore,Martin_Fillmore793@gmail.com
Honolulu,01-04-1984,794,Grover Van Buren,Grover_Van_Buren794@hotmail.com
Raleigh,29-07-1989,795,Ulysses Adams,Ulysses_Adams795@gmail.com
Santa Fe,22-01-1991,796,Benjamin Monroe,Benjamin_Monroe796@gmail.com
Denver,18-05-1976,797,Dwight Jackson,Dwight_Jackson797@hotmail.com
Honolulu,07-09-1980,798,Thomas Arthur,Thomas_Arthur798@gmail.com
Lincoln,11-09-1984,799,Andrew Pierce,Andrew_Pierce799@hotmail.com
Little Rock,30-07-1990,800,Martin Carter,Martin_Carter800@mac.com
Olympia,26-03-1982,801,James Truman,James_Truman801@gmail.com
Little Rock,21-07-1990,802,Abraham Coolidge,Abraham_Coolidge802@mac.com
Montgomery,21-04-1972,803,Herbert Eisenhower,Herbert_Eisenhower803@yahoo.com
Carson City,24-11-1986,804,Theodore Roosevelt,Theodore_Roosevelt804@hotmail.com
Indianapolis,09-02-1995,805,James Tyler,James_Tyler805@hotmail.com
Boston,27-11-1978,806,William Hayes,William_Hayes806@mac.com
Dover,29-12-1974,807,Warren Ford,Warren_Ford807@gmail.com
Helena,29-07-1977,808,Franklin Wilson,Franklin_Wilson808@mac.com
Hartford,18-08-1990,809,Martin Carter,Martin_Carter809@gmail.com
Raleigh,21-09-1990,810,Rutherford Grant,Rutherford_Grant810@gmail.com
Des Moines,25-09-1991,811,Richard Truman,Richard_Truman811@yahoo.com
Albany,21-03-1989,812,Zachary Jackson,Zachary_Jackson812@mac.com
Oklahoma City,18-02-1994,813,Rutherford Washington,Rutherford_Washington813@mac.com
Charleston,23-07-1979,814,Jimmy Grant,Jimmy_Grant814@yahoo.com
Little Rock,09-10-1971,815,Franklin Monroe,Franklin_Monroe815@hotmail.com
Concord,04-07-1976,816,Woodrow Jackson,Woodrow_Jackson816@yahoo.com
Frankfort,27-07-1970,817,Millard Roosevelt,Millard_Roosevelt817@gmail.com
Frankfort,30-01-1988,818,Martin Hayes,Martin_Hayes818@mac.com
Pierre,01-09-1987,819,Benjamin Truman,Benjamin_Truman819@gmail.com
Albany,11-07-1975,820,Andrew Reagan,Andrew_Reagan820@hotmail.com
Frankfort,27-12-1971,821,Martin Garfield,Martin_Garfield821@mac.com
Phoenix,22-07-1991,822,Herbert Harrison,Herbert_Harrison822@hotmail.com
Frankfort,25-07-1970,823,Martin Monroe,Martin_Monroe823@gmail.com
Augusta,06-08-1978,824,Andrew Garfield,Andrew_Garfield824@hotmail.com
Sacramento,26-09-1983,825,John Harrison,John_Harrison825@hotmail.com
Little Rock,18-03-1989,826,William Arthur,William_Arthur826@mac.com
Columbus,14-07-1982,827,Gerald Cleveland,Gerald_Cleveland827@gmail.com
Jefferson City,25-06-1985,828,Bill Buchanan,Bill_Buchanan828@yahoo.com
Dover,28-04-1976,829,Franklin Eisenhower,Franklin_Eisenhower829@hotmail.com
Providence,19-07-1992,830,Thomas Grant,Thomas_Grant830@mac.com
Sacramento,05-03-1973,831,Millard Tyler,Millard_Tyler831@hotmail.com
Montpelier,09-01-1984,832,Andrew Quincy,Andrew_Quincy832@gmail.com
Columbus,25-11-1993,833,Bill Eisenhower,Bill_Eisenhower833@gmail.com
Boise,19-07-1975,834,Franklin Roosevelt,Franklin_Roosevelt834@gmail.com
Phoenix,18-04-1995,835,Calvin Madison,Calvin_Madison835@gmail.com
Boston,28-02-1977,836,Bill McKinley,Bill_McKinley836@hotmail.com
Carson City,19-06-1980,837,Bill Van Buren,Bill_Van_Buren837@gmail.com
Bismarck,10-10-1981,838,Ulysses Monroe,Ulysses_Monroe838@hotmail.com
Bismarck,31-10-1982,839,Ulysses Carter,Ulysses_Carter839@mac.com
Austin,29-05-1991,840,Theodore Wilson,Theodore_Wilson840@mac.com
Juneau,08-09-1980,841,Abraham Eisenhower,Abraham_Eisenhower841@mac.com
Little Rock,15-06-1985,842,Dwight Polk,Dwight_Polk842@hotmail.com
Madison,11-11-1987,843,Gerald McKinley,Gerald_McKinley843@yahoo.com
Des Moines,20-09-1975,844,Thomas Harding,Thomas_Harding844@hotmail.com
Trenton,31-05-1974,845,Calvin Harrison,Calvin_Harrison845@mac.com
Topeka,22-05-1987,846,Warren Jefferson,Warren_Jefferson846@hotmail.com
Columbia,04-11-1979,847,Andrew Roosevelt,Andrew_Roosevelt847@hotmail.com
Albany,04-10-1993,848,Jimmy Jefferson,Jimmy_Jefferson848@yahoo.com
Lincoln,02-11-1981,849,Calvin Grant,Calvin_Grant849@hotmail.com
Topeka,01-11-1994,850,Theodore Madison,Theodore_Madison850@yahoo.com
Des Moines,21-12-1973,851,William Reagan,William_Reagan851@yahoo.com
Jackson,17-08-1994,852,Benjamin Carter,Benjamin_Carter852@gmail.com
Raleigh,08-05-1984,853,Dwight Hoover,Dwight_Hoover853@hotmail.com
Salem,19-04-1976,854,Woodrow Jackson,Woodrow_Jackson854@yahoo.com
Richmond,24-09-1981,855,Lyndon Garfield,Lyndon_Garfield855@mac.com
Pierre,12-12-1980,856,Franklin Quincy,Franklin_Quincy856@hotmail.com
Albany,03-01-1986,857,Ulysses Carter,Ulysses_Carter857@hotmail.com
Frankfort,15-03-1986,858,Warren Roosevelt,Warren_Roosevelt858@yahoo.com
Honolulu,08-08-1978,859,Woodrow Harrison,Woodrow_Harrison859@mac.com
Concord,24-05-1989,860,George Hoover,George_Hoover860@mac.com
Salt Lake City,17-09-1994,861,Jimmy Taylor,Jimmy_Taylor861@mac.com
Harrisburg,07-07-1978,862,Franklin Adams,Franklin_Adams862@gmail.com
Trenton,29-11-1979,863,Woodrow Carter,Woodrow_Carter863@mac.com
Baton Rouge,29-08-1974,864,Richard Carter,Richard_Carter864@mac.com
Boston,11-01-1988,865,Warren Clinton,Warren_Clinton865@yahoo.com
Boston,06-04-1972,866,Andrew Clinton,Andrew_Clinton866@yahoo.com
Providence,15-11-1977,867,Benjamin Harding,Benjamin_Harding867@mac.com
Nashville,06-10-1973,868,Lyndon McKinley,Lyndon_McKinley868@mac.com
Montpelier,04-09-1980,869,Jimmy Lincoln,Jimmy_Lincoln869@mac.com
Honolulu,21-12-1983,870,Chester Van Buren,Chester_Van_Buren870@mac.com
Frankfort,20-10-1986,871,Zachary Quincy,Zachary_Quincy871@hotmail.com
Hartford,12-11-1991,872,Woodrow Johnson,Woodrow_Johnson872@mac.com
Juneau,07-09-1972,873,Gerald Roosevelt,Gerald_Roosevelt873@hotmail.com
Boston,07-01-1974,874,Jimmy Eisenhower,Jimmy_Eisenhower874@yahoo.com
Montpelier,12-06-1975,875,Martin Madison,Martin_Madison875@mac.com
Hartford,02-06-1986,876,James Roosevelt,James_Roosevelt876@hotmail.com
Richmond,15-03-1973,877,Bill Pierce,Bill_Pierce877@yahoo.com
Austin,19-11-1975,878,Gerald Adams,Gerald_Adams878@hotmail.com
Phoenix,08-07-1985,879,Richard Taft,Richard_Taft879@mac.com
Annapolis,12-10-1988,880,William Roosevelt,William_Roosevelt880@gmail.com
Indianapolis,26-12-1982,881,Richard Adams,Richard_Adams881@mac.com
Lansing,07-05-1979,882,Grover Tyler,Grover_Tyler882@yahoo.com
Saint Paul,28-05-1981,883,William Monroe,William_Monroe883@mac.com
Indianapolis,22-03-1986,884,James Tyler,James_Tyler884@mac.com
Providence,20-07-1974,885,William Tyler,William_Tyler885@gmail.com
Albany,27-07-1970,886,Woodrow Hayes,Woodrow_Hayes886@yahoo.com
Trenton,28-12-1989,887,Thomas Hayes,Thomas_Hayes887@yahoo.com
Baton Rouge,04-05-1993,888,Lyndon Wilson,Lyndon_Wilson888@mac.com
Salem,16-12-1986,889,Lyndon Madison,Lyndon_Madison889@hotmail.com
Lincoln,03-02-1986,890,Calvin Jefferson,Calvin_Jefferson890@yahoo.com
Little Rock,11-09-1971,891,Warren Arthur,Warren_Arthur891@yahoo.com
Concord,28-11-1987,892,John Grant,John_Grant892@mac.com
Phoenix,25-04-1984,893,Warren Jackson,Warren_Jackson893@hotmail.com
Carson City,14-10-1985,894,Martin Adams,Martin_Adams894@gmail.com
Denver,19-08-1981,895,Millard Van Buren,Millard_Van_Buren895@yahoo.com
Tallahassee,18-02-1984,896,Theodore Taft,Theodore_Taft896@yahoo.com
Lansing,23-11-1984,897,Franklin Jackson,Franklin_Jackson897@yahoo.com
Sacramento,27-08-1973,898,Martin Jackson,Martin_Jackson898@yahoo.com
Madison,25-12-1983,899,Theodore Kennedy,Theodore_Kennedy899@gmail.com
Phoenix,22-04-1970,900,Ulysses Truman,Ulysses_Truman900@gmail.com
Tallahassee,13-12-1979,901,Dwight Coolidge,Dwight_Coolidge901@mac.com
Dover,04-08-1989,902,William Hayes,William_Hayes902@yahoo.com
Salem,24-06-1982,903,Martin Coolidge,Martin_Coolidge903@hotmail.com
Jackson,23-11-1983,904,Calvin Coolidge,Calvin_Coolidge904@yahoo.com
Boston,27-02-1993,905,Rutherford Taylor,Rutherford_Taylor905@mac.com
Albany,23-01-1985,906,Millard Grant,Millard_Grant906@mac.com
Trenton,01-02-1986,907,Chester Pierce,Chester_Pierce907@yahoo.com
Carson City,14-01-1973,908,Bill Truman,Bill_Truman908@gmail.com
Des Moines,12-10-1981,909,Franklin Harrison,Franklin_Harrison909@gmail.com
Topeka,28-08-1985,910,Woodrow Wilson,Woodrow_Wilson910@hotmail.com
Indianapolis,06-11-1978,911,Ronald Pierce,Ronald_Pierce911@mac.com
Montpelier,15-06-1977,912,Grover Fillmore,Grover_Fillmore912@gmail.com
Augusta,07-06-1982,913,Andrew Cleveland,Andrew_Cleveland913@hotmail.com
Augusta,05-08-1981,914,Richard Harrison,Richard_Harrison914@hotmail.com
Albany,11-11-1984,915,Franklin Roosevelt,Franklin_Roosevelt915@hotmail.com
Augusta,03-10-1991,916,James Hayes,James_Hayes916@mac.com
Harrisburg,18-07-1994,917,Bill Harding,Bill_Harding917@hotmail.com
Little Rock,12-02-1975,918,George Adams,George_Adams918@gmail.com
Lansing,25-06-1981,919,Warren Wilson,Warren_Wilson919@yahoo.com
Trenton,13-03-1992,920,Herbert McKinley,Herbert_McKinley920@mac.com
Dover,04-07-1978,921,Herbert Tyler,Herbert_Tyler921@gmail.com
Tallahassee,27-10-1989,922,Andrew Reagan,Andrew_Reagan922@yahoo.com
Columbia,10-08-1985,923,John Roosevelt,John_Roosevelt923@hotmail.com
Dover,31-10-1983,924,Lyndon Reagan,Lyndon_Reagan924@gmail.com
Harrisburg,31-05-1981,925,Bill Arthur,Bill_Arthur925@yahoo.com
Tallahassee,22-11-1976,926,Warren Monroe,Warren_Monroe926@mac.com
Denver,16-03-1988,927,John Polk,John_Polk927@hotmail.com
Phoenix,17-01-1977,928,Lyndon McKinley,Lyndon_McKinley928@mac.com
Annapolis,22-07-1987,929,James Hoover,James_Hoover929@hotmail.com
Pierre,28-03-1995,930,Ronald Johnson,Ronald_Johnson930@yahoo.com
Denver,15-12-1983,931,Harry Johnson,Harry_Johnson931@mac.com
Concord,31-07-1984,932,William Eisenhower,William_Eisenhower932@mac.com
Atlanta,05-07-1974,933,Ronald Roosevelt,Ronald_Roosevelt933@mac.com
Dover,23-07-1976,934,William Taft,William_Taft934@mac.com
Atlanta,27-01-1979,935,Lyndon Hoover,Lyndon_Hoover935@yahoo.com
Indianapolis,23-11-1973,936,Benjamin Washington,Benjamin_Washington936@mac.com
Springfield,30-11-1979,937,Rutherford Nixon,Rutherford_Nixon937@yahoo.com
Montpelier,28-04-1972,938,Lyndon Wilson,Lyndon_Wilson938@yahoo.com
Phoenix,15-04-1990,939,Gerald Polk,Gerald_Polk939@yahoo.com
Nashville,24-12-1995,940,Gerald Grant,Gerald_Grant940@hotmail.com
Concord,08-12-1983,941,Jimmy Cleveland,Jimmy_Cleveland941@hotmail.com
Little Rock,26-08-1985,942,Warren Adams,Warren_Adams942@gmail.com
Olympia,04-01-1970,943,Martin Johnson,Martin_Johnson943@gmail.com
Lincoln,04-08-1983,944,Jimmy Eisenhower,Jimmy_Eisenhower944@yahoo.com
Carson City,06-05-1984,945,Franklin Arthur,Franklin_Arthur945@gmail.com
Phoenix,18-02-1973,946,Gerald Harrison,Gerald_Harrison946@mac.com
Springfield,16-08-1982,947,Bill Reagan,Bill_Reagan947@hotmail.com
Montpelier,12-11-1985,948,Zachary Fillmore,Zachary_Fillmore948@hotmail.com
Tallahassee,25-04-1991,949,Richard McKinley,Richard_McKinley949@gmail.com
Boise,12-07-1977,950,Woodrow Adams,Woodrow_Adams950@yahoo.com
Oklahoma City,23-12-1994,951,Franklin Madison,Franklin_Madison951@gmail.com
Springfield,24-05-1994,952,Benjamin Clinton,Benjamin_Clinton952@gmail.com
Pierre,28-10-1980,953,Theodore Harding,Theodore_Harding953@mac.com
Indianapolis,26-05-1988,954,George Garfield,George_Garfield954@yahoo.com
Raleigh,11-01-1970,955,Grover Carter,Grover_Carter955@hotmail.com
Montgomery,31-08-1971,956,Calvin Roosevelt,Calvin_Roosevelt956@gmail.com
Jackson,17-10-1975,957,Lyndon Van Buren,Lyndon_Van_Buren957@hotmail.com
Raleigh,06-09-1985,958,Richard Roosevelt,Richard_Roosevelt958@hotmail.com
Juneau,17-08-1990,959,Thomas Garfield,Thomas_Garfield959@gmail.com
Jackson,10-12-1990,960,James Jackson,James_Jackson960@mac.com
Frankfort,22-10-1981,961,Millard McKinley,Millard_McKinley961@mac.com
Lincoln,10-02-1971,962,William Arthur,William_Arthur962@mac.com
Salem,04-07-1984,963,Harry Kennedy,Harry_Kennedy963@yahoo.com
Annapolis,01-08-1980,964,Warren Coolidge,Warren_Coolidge964@gmail.com
Phoenix,30-07-1972,965,John Taylor,John_Taylor965@yahoo.com
Atlanta,12-08-1974,966,Rutherford Harding,Rutherford_Harding966@gmail.com
Austin,03-06-1973,967,Grover Roosevelt,Grover_Roosevelt967@mac.com
Tallahassee,15-09-1995,968,Theodore Kennedy,Theodore_Kennedy968@mac.com
Sacramento,02-01-1990,969,Theodore Cleveland,Theodore_Cleveland969@yahoo.com
Columbia,04-08-1970,970,Benjamin Roosevelt,Benjamin_Roosevelt970@gmail.com
Austin,01-06-1975,971,Calvin Wilson,Calvin_Wilson971@hotmail.com
Pierre,07-05-1990,972,Gerald Quincy,Gerald_Quincy972@yahoo.com
Denver,16-12-1981,973,Andrew Roosevelt,Andrew_Roosevelt973@mac.com
Charleston,15-02-1977,974,Harry Jackson,Harry_Jackson974@mac.com
Phoenix,25-04-1989,975,Lyndon Tyler,Lyndon_Tyler975@mac.com
Columbus,18-12-1986,976,Millard Grant,Millard_Grant976@yahoo.com
Lansing,01-09-1988,977,Theodore Harrison,Theodore_Harrison977@yahoo.com
Atlanta,05-02-1987,978,Andrew Washington,Andrew_Washington978@mac.com
Pierre,05-05-1970,979,Lyndon Harding,Lyndon_Harding979@mac.com
Frankfort,26-05-1980,980,Millard Pierce,Millard_Pierce980@gmail.com
Des Moines,02-11-1988,981,Woodrow Hayes,Woodrow_Hayes981@yahoo.com
Pierre,16-03-1978,982,Harry Washington,Harry_Washington982@gmail.com
Springfield,23-11-1991,983,Jimmy Roosevelt,Jimmy_Roosevelt983@hotmail.com
Jefferson City,31-03-1979,984,Lyndon Coolidge,Lyndon_Coolidge984@yahoo.com
Austin,12-05-1990,985,John Garfield,John_Garfield985@hotmail.com
Springfield,30-11-1988,986,Bill Van Buren,Bill_Van_Buren986@gmail.com
Topeka,10-07-1982,987,Calvin Nixon,Calvin_Nixon987@hotmail.com
Jackson,10-08-1989,988,Andrew Van Buren,Andrew_Van_Buren988@mac.com
Salt Lake City,02-10-1988,989,Harry Arthur,Harry_Arthur989@yahoo.com
Denver,30-04-1987,990,Andrew Roosevelt,Andrew_Roosevelt990@gmail.com
Montgomery,09-01-1987,991,Benjamin Adams,Benjamin_Adams991@yahoo.com
Lincoln,25-04-1980,992,Woodrow Roosevelt,Woodrow_Roosevelt992@mac.com
Santa Fe,21-03-1988,993,Thomas Eisenhower,Thomas_Eisenhower993@mac.com
Oklahoma City,07-12-1987,994,Herbert Grant,Herbert_Grant994@hotmail.com
Springfield,29-09-1976,995,Richard Reagan,Richard_Reagan995@mac.com
Frankfort,01-07-1972,996,Chester Buchanan,Chester_Buchanan996@gmail.com
Denver,25-05-1994,997,Chester Jefferson,Chester_Jefferson997@gmail.com
Raleigh,25-04-1987,998,Theodore Lincoln,Theodore_Lincoln998@hotmail.com
Carson City,03-01-1976,999,Warren Washington,Warren_Washington999@yahoo.com
Tallahassee,18-08-1980,1000,Rutherford Cleveland,Rutherford_Cleveland1000@gmail.com
